game,policy_loss,value_loss,game_type
451,5.650762052969499,0.023903155007614755,self-play
